UPC,Product Name
84045550421,Kitsch Detangling Flexi Brush
84045550422,Kitsch Detangling Flexi Brush
84045550424,Kitsch Detangling Flexi Brush
84045550423,Kitsch Detangling Flexi Brush
81967702496,Kitsch Recycled PLA Claw Clip
84045550571,Kitsch Recycled Fabric Hair Elastic
84045550162,Kitsch Recycled Fabric Hair Elastic
84045550163,Kitsch Recycled Fabric Hair Elastic
84045550161,Kitsch Fabric Activator Spray
81011256895,Kitsch Fabric Stretch Headband
81011256621,Kitsch Mini Cloud Clip
81011256903,Kitsch Large Flat Cloud Clip
81011256622,Kitsch Recycled PLS Claw Clip
81967702657,Kitsch Large Classic Claw Clip
81011256426,Kitsch Metal Fr Hair Pin
81011256014,Kitsch Recycled PLA Claw Clip
81011256045,Kitsch Plastic Zigzag Scrunchie
81011256206,Kitsch Recycled PLS Claw Clip
81011256141,Kitsch Satin Lined Scrunchie
81011256889,Kitsch Seamless Hair Elastics 8ct
81011256929,Kitsch Small Hair Elastics 8ct
81011256890,Kitsch Small Hair Elastics 8ct
81011256304,Kitsch Ruched Satin Scrunchie
81011256302,Kitsch Ruched Satin Scrunchie
84045550160,Kitsch Cloud Scrunchie
81011256888,Kitsch Cloud Scrunchie
81967702542,Kitsch Satin Sleep Scrunchies
81967702624,Kitsch The Satin Pineapple Scrunchie
81007711245,Teleties Classic Jelly Hair Tie
81007711244,Teleties Classic Tortoise Medium Hair Tie
81007711247,Teleties Classic Coconut Hair Tie
81007711003,Teleties Coconut White Hair Tie
81015740341,Teleties Luxury Liveline Hair Tie
84337007382,Gimme Fine Hair Bands Black
84337007380,Gimme Med Hair Bands Blonde
84337008177,Gimme Med Hair Bands Brown
84337007377,Gimme Med Hair Bands Black
84337007873,Gimme Beauty Hair Tie Bands Black
84337008254,Gimme Beauty Thick Hair Bands Black
81007711236,Teleties Classic Jelly Hair Tie
81007711235,Teleties Classic Tortoise Hair Tie
81007711238,Teleties Classic Coconut Hair Tie
81007711010,Teleties Hair Ties Small 3ct
81007711018,Teleties Washed Denim Hair Tie
84337007393,Gimme Hair Band Extra Thick
84337008079,Gimme Claw Clip Fine
84337008029,Gimme Claw Clip Fine
84337007731,Gimme Claw Clip Fine
84337008295,Gimme Claw Clip Fine
84337008376,Gimme Satin Scrunchie
84337008357,Gimme Hair Band Medium
84337008065,Gimme Claw Clip Medium
84337008266,Gimme Claw Clip Medium
84337007872,Gimme Claw Clip Medium
81007711796,Teleties Flat Medium Hair Clip Jet Black
81007711795,Teleties Tortoise Flat Round Hair Clip
81007711798,Teleties Coconut White Flat Hair Clip
81007711028,Teleties Tortoise Large Hair Tie
81007711025,Teleties Hair Ties Large 3ct
81007711942,Teleties Flat Square Hair Clip
81007711941,Teleties Flat Square Hair Clip
81007711943,Teleties Flat Square Almond Beige Hair Clip
81007711023,Teleties Rose Water Hair Tie
81015740529,Teleties Nightfall Hair Tie
84337008362,Gimme Satin Scrunchie
84337008302,Gimme Claw Clip Thick
84337007789,Gimme Beauty Claw Clip Black
84337007777,Gimme Thick Hair Clips
84337007726,Gimme Thick Hair Clips
2350802265,The Hair Edit Detan (Smooth & Polish Brush)
2350802263,The Hair Edit Finish (Finish & Shine Brush)
2350812743,The Hair Edit Smooth (Detangle & Massage Brush)
2350812742,The Hair Edit Finish (Finish & Shine Brush)
2350812822,The Hair Edit Smooth (Detangle & Massage Brush)
2350871320,The Hair Edit Lotus Band
2350813361,The Hair Edit Runway Ribbon Bow Hook Scrunchie
2350871375,The Hair Edit Soft Brush
2350871376,The Hair Edit Volume Brush
2350813276,The Hair Edit Brilliance Brush
2350813362,The Hair Edit Gilded Brush
2350812877,The Hair Edit French Brush
2350813294,The Hair Edit Ballerina Brush
2350871373,The Hair Edit Braided Brush
2350871372,The Hair Edit Infinity Brush
2350871352,The Hair Edit Ruched Brush
2350871318,The Hair Edit Ruched Brush
2350871313,The Hair Edit Grand Brush
2350871374,The Hair Edit Ceramic Brush
2350813122,The Hair Edit Gilded Brush
2350871367,The Hair Edit Gilded Brush
2350871370,The Hair Edit Sundae Brush
2350813407,The Hair Edit Super Brush
2350813121,The Hair Edit Unicorn Brush
2350871315,The Hair Edit Couture Brush
2350871368,The Hair Edit Couture Brush
2350813220,The Hair Edit Epic Brush
4145707690,Goody Ouchless Clear Braided Hair Elastics
4145710902,Goody Ouchless No Metal Elastics (Black)
4145710939,Goody Black No Metal Elastics
4145771291,Goody Mini Crystal Elastics
4145718174,Goody Clear Rubberband
4145718175,Goody Forever Polyband Hair Elastics (Black)
4145711824,Goody Girls Ouchless Assorted Elastics
4145722058,Goody Ouchless Medium Elastics Hair Ties
4145707065,Goody Ouchless Elastics
4319435929,Scunci 12-Pack Heart Hair Ties
4319420317,Scunci Hair Ties Assorted
4319432747,Scunci Toddler Assorted Bow Hair Clips
4145703704,Goody Black Bobby Pin
4145702191,Goody Blonde Bobby Pin
4145776738,Goody CC Blonde Bobby Pin
4145707496,Goody Ouchless Athletique Sweat & Stretch Elastics
4145706972,Goody Ouchless Java Brown Ponytail Holder
4145709234,Goody Big Oval Epoxy Clip
4319411358,Scunci Color Match Hair Ties
4319469037,Scunci Snap Clip
4319420187,Scunci Small 3-Prong Hair Clip
4319460150,Scunci Large Hair Claw Clip
4319469067,Scunci Hair Clip Tube Mix (Jaw Clips)
4145708079,Goody Vinyl Shower Cap
4145708176,Goody Scissor Thin Hair Shears Set
4145716754,Goody Satin Scrunchies
4319421038,Scunci Twistees (Heather)
4319411337,Scunci Pillow Scrunchie
7410859808,Conair Assorted Clips
7410855144,Conair Dent-Free No-Crease Hair Clips
4126001680,Party Savvy 2 Sided Mirror
4145741696,Goody 2 Sided Mirror
4145718568,Goody Forever Black Spring Rollers
4145704332,Goody Flexible Rod Rollers
7410861110,Conair Self Grip Rollers
7410859641,Conair Spa Bubble Headband (Pink)
4319424702,Scunci Hosiery Headwear
4319411347,Scunci Ribbed Turban
7410813385,Conair Pastel Shower Comb
7410877338,Conair Velvet Touch Comb
7410877205,Conair Velvet Touch Paddle Brush
7410877201,Conair Velvet Touch Cushion Brush
7410886414,Conair Scalp Care Comb
7410895707,Conair Curl Definition Brush
7410895310,Conair Detangling Brush
73665859953,Wet Brush Go Green Detangler
73665855688,Wet Brush Treatment Comb
73665858828,Wet Brush Treatment Oil Infused
7410895224,Conair Scalp Massage Brush
73665855676,Wet Brush Go Green Mini Detangler
7410886258,Quick Blow Vented Round Brush
7410886282,Quick Blow Vented Paddle Brush
7410886254,Quick Blow Nylon Round Brush
7410886256,Quick Blow Hot Curl Brush
7410886255,Quick Blow Porcelain Round Brush
73665853791,Wet Brush Curl Hair Detangler
73665844939,Wet Brush Original Detangler Assorted
73665848058,Wet Brush Original Detangler
73665859815,Wet Brush Shower Flex Assorted
73665848109,Wet Brush Speed Dry
73665844937,Wet Brush Paddle Detangler Pink
73665848109,Wet Brush Speed Dry
73665844937,Wet Brush Paddle Detangler Pink
7410851100,Conair Velvet Cushion Brush (Multi-Sized)
5.06093E+11,Tangle Tamer Teaser (Pink)
5.06093E+11,Tangle Tamer Teaser (Fine Fragile Hair)
5.06093E+11,Tangle Teezer Essential Detangler
5.06093E+11,Tangle Teezer Essential Detangler
84861800744,Unbrush White Lemon Drop Yellow Brush
84861800743,Unbrush Polished White Mint Swirl Detangler
84861800759,Unbrush Detangle Hair Brush
84861800724,Unbrush Midnight Black Brush
84861800753,Unbrush Detangler Brush Rose Quartz
84861800750,Unbrush Detangler Brush Amethyst Lavender
7410895115,Conair Wood Club Brush
73150986811,Kiss Good Day Detangler Nose Brush
73150984203,Kiss Detangler Purple Hair Brush
73150994638,Kiss 3-in-1 Edge/Nose/Comb Brush
73150982312,Kiss 4-in-1 Edge/Scratch Edge Brush
73150977223,Kiss Carbon Fiber Root Touch Comb
73150986167,Kiss Processing Cap
73150982316,Kiss Satin Bonnet Black
73150986470,Kiss Satin Edge Double Wrap Cap
73150984224,Kiss Satin Wrap Scarf Black
73150982294,Kiss Power Boar Brush Medium/Fine Soft
73150987559,Kiss Twist King Styled Fun
1311406600,Ace Black Hair Pick
1311461286,Ace All-Purpose Comb Black
1311461586,Ace Pocket Comb Black
73150994552,Kiss Satin Lined Halo Turban
73150977213,Kiss Power Wave Satin Dream Black
73150986919,Kiss Kids Satin Bonnet with Wide Band
76180901661,Evolve Satin Wide Edge Bonnet
